PassengerId,Survived,Pclass,Name,Sex,Age,SibSp,Parch,Ticket,Fare,Cabin,Embarked
1,0,3,"Clark, Miss Mabel",female,22.9,2,1,SM70415,3.5,,M
2,1,3,"Lewis, Miss Margaret",female,59.8,1,0,SM69589,4.35,,L
3,1,2,"Garcia, Mrs. Anna",female,,1,0,SM43901,14.88,,C
4,0,2,"Parker, Mrs. Violet",female,27.7,0,1,SM68491,26.51,,L
5,1,1,"Adams, Miss Rose",female,52.1,1,1,SM16863,65.47,,C
6,1,3,"Harris, Miss Grace",female,30.9,0,2,SM34535,3.5,,L
7,0,1,"Stewart, Mr. Ernest",male,57.9,0,0,SM66985,72.69,A43,M
8,1,2,"Jones, Mr. Clarence",male,8.4,1,1,SM37886,7.95,,C
9,0,3,"Allen, Mr. Frederick",male,0.5,0,0,SM87459,4.8,,L
10,0,1,"Sanchez, Countess Violet",female,45.2,1,1,SM58085,97.86,A66,C
11,0,3,"Lopez, Mr. Raymond",male,16.1,0,0,SM42189,5.58,,M
12,1,1,"Jackson, Lady Gertrude",female,37.7,0,1,SM20561,56.52,B59,C
13,1,1,"Sanchez, Lady Agnes",female,28.3,0,0,SM80776,91.66,A86,L
14,1,3,"Nelson, Mr. Frederick",male,37.4,0,0,SM86865,7.65,,C
15,1,2,"Phillips, Miss Louisa",female,12.7,1,0,SM12587,23.65,E46,L
16,1,3,"King, Mrs. Florence",female,12.6,1,1,SM59664,11.01,,L
17,0,3,"Perez, Mrs. Rose",female,29.0,0,0,SM22648,7.35,,M
18,1,3,"Adams, Mr. William",male,,3,0,SM99505,3.56,,M
19,1,1,"Thompson, Mrs. Helen",female,34.9,0,0,SM86271,74.69,,L
20,1,2,"Lee, Miss Gladys",female,42.1,0,0,SM28350,28.63,,L
21,0,3,"Clark, Mr. Samuel",male,26.7,0,0,SM51229,11.39,,M
22,0,1,"Edwards, Mr. Alfred",male,58.6,1,0,SM77889,20.99,B25,C
23,0,3,"Harris, Mr. Michael",male,0.5,0,0,SM66372,8.05,,L
24,0,3,"Carter, Mr. Albert",male,27.1,0,0,SM54767,13.89,,L
25,1,1,"Lewis, Lady Harriet",female,71.1,0,0,SM39603,133.21,A93,M
26,1,3,"Clark, Mrs. Winifred",female,16.5,2,2,SM24984,3.5,,C
27,0,3,"Sanchez, Mr. Frank",male,16.5,3,0,SM97135,10.36,,C
28,0,3,"Martin, Mr. Frank",male,36.2,1,0,SM53452,9.05,,M
29,1,2,"Walker, Mrs. Mary",female,25.8,1,0,SM19514,20.4,,C
30,1,2,"Martinez, Mr. Michael",male,38.4,1,0,SM84572,27.79,,L
31,0,3,"Anderson, Mr. Clarence",male,18.6,0,0,SM37147,5.6,,M
32,0,3,"Evans, Mrs. Beatrice",female,48.5,0,0,SM70314,13.82,,C
33,1,1,"Walker, Miss Ida",female,30.2,0,0,SM24790,144.37,D88,M
34,1,3,"Stewart, Mrs. Gladys",female,46.2,2,1,SM35106,11.08,,M
35,0,3,"Garcia, Miss Rose",female,44.0,0,2,SM99694,4.41,,M
36,0,3,"Thompson, Mrs. Agnes",female,24.1,0,0,SM89478,8.83,,M
37,0,3,"Stewart, Mr. Lawrence",male,14.1,0,3,SM54433,4.05,,C
38,0,3,"Adams, Mr. Ernest",male,35.1,1,0,SM65058,7.78,,C
39,1,3,"Jones, Mr. Clarence",male,25.7,2,0,SM12688,10.96,,M
40,1,1,"Adams, Mr. Stanley",male,57.5,0,0,SM19744,49.3,,L
41,1,3,"King, Miss Elsie",female,33.8,1,1,SM71039,3.5,,C
42,1,2,"Williams, Mrs. Emma",female,28.2,0,1,SM21128,4.92,,C
43,1,2,"Roberts, Mr. David",male,30.7,3,0,SM28434,3.5,,L
44,0,2,"Mitchell, Mr. Clarence",male,,0,1,SM55603,9.12,,L
45,1,3,"Johnson, Miss Emma",female,14.5,0,0,SM69616,3.5,,C
46,1,3,"Garcia, Mr. Frank",male,38.2,2,0,SM40924,11.23,,M
47,1,1,"Garcia, Countess Harriet",female,,0,2,SM95426,50.94,A41,L
48,0,3,"Miller, Miss Anna",female,,0,0,SM88134,4.87,,M
49,1,1,"Thomas, Mrs. Elsie",female,35.2,1,0,SM93719,86.14,,M
50,0,3,"Walker, Mr. Edwin",male,24.9,1,2,SM17120,5.61,,C
51,0,3,"Allen, Mr. Michael",male,29.2,0,1,SM83685,6.38,,L
52,1,1,"Carter, Miss Anna",female,28.7,0,0,SM97994,178.89,C99,L
53,1,1,"Roberts, Mrs. Gertrude",female,38.1,3,2,SM84498,104.47,B70,M
54,0,2,"Parker, Mrs. Clara",female,0.5,1,0,SM85082,20.21,,M
55,1,1,"Brown, Rev. Thomas",male,41.2,0,0,SM99285,63.14,,L
56,1,1,"Evans, Miss Alice",female,,2,0,SM29848,119.46,B62,C
57,1,2,"Taylor, Miss Gertrude",female,17.5,2,1,SM11461,19.0,,C
58,0,3,"Thomas, Mr. Herbert",male,38.8,1,0,SM65965,3.5,,C
59,1,1,"King, Countess Gladys",female,11.5,1,0,SM43972,59.72,,M
60,1,1,"Jackson, Dr. David",male,47.9,1,0,SM14278,119.12,C99,M
61,0,1,"Green, Col. David",male,47.0,1,1,SM45227,95.39,,L
62,1,3,"King, Miss Agnes",female,52.1,2,0,SM16380,7.99,,M
63,1,2,"Johnson, Mrs. Agnes",female,22.1,0,1,SM95848,17.3,,C
64,0,3,"Stewart, Mrs. Mary",female,46.6,1,1,SM34264,4.26,,L
65,1,1,"Young, Countess Helen",female,11.4,1,1,SM62772,103.12,,M
66,1,1,"Scott, Capt. Herbert",male,51.6,0,0,SM97026,88.61,D80,C
67,1,1,"Evans, Lady Florence",female,18.0,3,0,SM26011,64.18,,M
68,0,3,"Green, Mr. Thomas",male,,1,1,SM93681,7.62,,L
69,1,1,"Young, Lady Winifred",female,46.3,0,2,SM76949,52.41,D82,L
70,0,3,"Robinson, Mr. Clarence",male,25.9,1,1,SM26315,7.05,,L
71,0,1,"Jackson, Mr. John",male,64.3,0,0,SM96252,140.74,,L
72,1,3,"Mitchell, Mrs. Alice",female,17.0,0,3,SM65797,7.51,,C
73,1,2,"Parker, Mr. Albert",male,25.3,0,0,SM15529,13.71,,C
74,1,2,"Thompson, Mr. Arthur",male,,0,1,SM77411,6.06,,L
75,0,2,"Parker, Mr. Albert",male,21.2,1,0,SM54077,16.38,,C
76,1,1,"Robinson, Lady Mary",female,47.3,2,0,SM62187,82.75,,C
77,0,3,"Allen, Mr. Albert",male,34.5,0,1,SM17087,6.51,,M
78,1,1,"Martinez, Countess Elsie",female,,0,1,SM23425,79.71,C48,L
79,0,3,"Campbell, Miss Florence",female,33.7,2,2,SM39548,6.05,,L
80,1,3,"Perez, Mrs. Anna",female,0.5,3,0,SM51591,7.78,,C
81,1,2,"Robinson, Mrs. Harriet",female,29.6,0,0,SM38298,22.29,,L
82,0,3,"Collins, Mr. William",male,15.9,0,0,SM16648,11.89,,L
83,1,3,"Moore, Mr. Lawrence",male,53.9,0,1,SM52899,7.74,,L
84,0,1,"Williams, Col. John",male,45.0,0,0,SM58629,46.42,,C
85,0,3,"Smith, Mr. Frederick",male,28.6,3,3,SM10110,6.85,,C
86,0,3,"Lopez, Mr. Henry",male,12.0,0,1,SM29871,12.82,,M
87,1,1,"Clark, Countess Gladys",female,48.1,1,0,SM85397,101.46,C60,C
88,0,2,"Walker, Mr. James",male,,0,0,SM99573,25.08,,M
89,1,2,"Anderson, Mr. Harry",male,,1,0,SM25509,22.93,,L
90,1,1,"Phillips, Lady Nora",female,53.8,0,0,SM17362,102.98,A49,C
91,1,3,"Jackson, Mr. Harry",male,41.8,0,0,SM43361,12.23,,C
92,0,3,"Collins, Mr. Albert",male,35.9,1,2,SM27499,6.07,,L
93,1,2,"Robinson, Miss Nora",female,11.0,1,0,SM38039,25.44,,C
94,0,2,"Nelson, Mr. Charles",male,46.1,3,0,SM32768,16.63,,C
95,0,2,"Jones, Mrs. Clara",female,41.3,1,0,SM51160,26.89,,C
96,0,2,"King, Miss Beatrice",female,33.3,0,0,SM26389,27.79,,C
97,0,1,"Phillips, Mr. Frederick",male,52.8,0,0,SM83147,3.5,,C
98,0,1,"Nelson, Capt. Richard",male,39.4,0,0,SM82132,96.16,A21,M
99,1,1,"Garcia, Dr. William",male,24.3,0,0,SM82642,68.2,C59,L
100,0,3,"Lopez, Mr. Herbert",male,14.2,1,1,SM68190,8.16,,L
101,0,3,"Young, Mr. Henry",male,32.7,0,0,SM23019,5.3,,C
102,0,3,"Carter, Mr. Charles",male,6.2,0,0,SM20998,5.64,,M
103,1,3,"King, Mr. John",male,13.7,0,1,SM29405,6.35,,L
104,0,3,"Lee, Mr. Stanley",male,19.9,0,1,SM75161,8.78,,C
105,1,2,"Campbell, Miss Grace",female,35.0,0,0,SM90967,15.96,,C
106,1,2,"Miller, Mr. Raymond",male,18.1,0,1,SM29601,24.77,,L
107,1,3,"Green, Mr. Frederick",male,38.3,0,3,SM27878,4.2,,C
108,1,2,"Robinson, Miss Edith",female,31.1,0,0,SM45200,14.41,,L
109,0,2,"Lopez, Mr. Richard",male,46.1,0,1,SM90364,11.86,,C
110,1,1,"Thompson, Rev. Roy",male,53.5,0,0,SM44816,67.96,,L
111,0,3,"Brown, Mr. Charles",male,19.0,2,0,SM85784,9.65,,L
112,1,2,"Mitchell, Mr. Stanley",male,,0,0,SM63143,23.18,,C
113,0,3,"Harris, Mr. Herbert",male,24.5,0,2,SM49666,3.5,,L
114,1,1,"Allen, Countess Gertrude",female,20.7,0,0,SM46467,23.67,,M
115,0,3,"Young, Mr. Herbert",male,37.0,0,0,SM83535,8.28,,L
116,0,3,"Adams, Mr. Herbert",male,,3,1,SM87894,5.72,,M
117,1,1,"Clark, Countess Mabel",female,64.0,0,0,SM36326,3.5,B60,M
118,0,3,"Robinson, Mr. Thomas",male,15.5,3,3,SM18569,16.26,,L
119,1,2,"Edwards, Miss Ida",female,34.7,1,0,SM88470,26.82,,C
120,1,3,"Lopez, Mr. John",male,39.3,2,0,SM22387,6.13,,C
121,0,3,"Parker, Mrs. Winifred",female,37.3,1,0,SM95317,6.65,,M
122,1,1,"Campbell, Col. Edwin",male,43.4,0,0,SM58623,81.8,A83,L
123,0,3,"Green, Mr. Walter",male,,0,1,SM90149,6.88,,M
124,0,1,"Martinez, Col. Edwin",male,36.3,0,0,SM79806,65.93,,C
125,0,3,"Taylor, Mrs. Beatrice",female,37.5,1,2,SM24539,6.09,,M
126,0,3,"Scott, Mr. Michael",male,37.0,1,0,SM19556,3.5,,M
127,1,1,"Phillips, Miss Alice",female,,0,0,SM69770,72.06,D94,C
128,0,2,"Hall, Mr. Michael",male,,0,1,SM89194,11.73,,C
129,1,1,"Harris, Miss Clara",female,32.0,1,0,SM75803,119.1,,L
130,0,1,"Mitchell, Mr. Stanley",male,28.2,0,0,SM71835,104.52,B32,M
131,1,1,"Baker, Capt. Frank",male,38.9,2,0,SM41552,93.08,C16,L
132,1,1,"Brown, Lady Cecelia",female,59.6,0,1,SM42447,142.39,,C
133,1,1,"Wright, Dr. Clarence",male,34.5,1,1,SM63627,144.4,,L
134,1,3,"Mitchell, Mr. Charles",male,11.9,2,0,SM98832,8.5,,C
135,1,1,"Nelson, Mrs. Grace",female,13.7,1,1,SM57964,119.8,A82,C
136,0,3,"Phillips, Mr. Thomas",male,,2,2,SM33474,7.07,,L
137,1,1,"Anderson, Capt. Samuel",male,50.4,1,1,SM11256,155.92,B59,M
138,1,1,"King, Mr. George",male,16.1,1,0,SM33021,66.44,C77,C
139,1,1,"Mitchell, Mrs. Harriet",female,44.2,1,0,SM95344,87.16,D89,C
140,1,1,"Parker, Capt. Robert",male,46.7,3,0,SM89635,27.75,,L
141,1,1,"Phillips, Mr. Clarence",male,33.8,0,0,SM50846,62.57,,M
142,0,3,"Hernandez, Mr. Clarence",male,22.3,1,0,SM36398,3.5,,L
143,1,2,"Baker, Mrs. Margaret",female,7.6,0,2,SM69270,27.99,,C
144,1,1,"Garcia, Countess Winifred",female,,1,1,SM81496,155.52,A20,L
145,1,3,"Martinez, Mrs. Anna",female,35.4,1,0,SM20580,12.51,,L
146,1,1,"Jones, Mr. Frederick",male,37.0,0,0,SM92388,96.62,,M
147,0,2,"Martinez, Mr. Walter",male,32.8,0,1,SM63562,35.74,,L
148,1,1,"Baker, Miss Emma",female,34.7,0,0,SM85525,71.21,D62,L
149,0,2,"Roberts, Mr. Thomas",male,,0,0,SM54663,9.07,,M
150,1,3,"Adams, Mrs. Harriet",female,31.2,0,0,SM55640,7.0,,L
151,1,2,"Moore, Mr. Richard",male,36.1,1,2,SM33306,17.97,,C
152,0,3,"Nelson, Mr. Edward",male,13.7,3,0,SM10131,7.02,,M
153,0,1,"Moore, Mr. Thomas",male,31.4,0,0,SM15798,81.34,B79,L
154,1,2,"Allen, Mrs. Gertrude",female,49.3,0,0,SM32701,17.52,,L
155,1,2,"Green, Mr. Edwin",male,,0,0,SM37102,15.82,,M
156,0,3,"Campbell, Mr. Richard",male,23.1,2,3,SM27598,3.5,,L
157,1,2,"Moore, Mr. Harry",male,7.6,1,1,SM30836,24.15,F28,M
158,1,2,"Perez, Mrs. Helen",female,9.8,0,0,SM55224,32.23,,C
159,1,1,"Morris, Rev. Ernest",male,59.1,0,0,SM83946,80.38,B83,C
160,1,1,"Davis, Miss Ethel",female,11.4,0,0,SM99381,110.4,,M
161,1,3,"Hall, Mr. Leonard",male,6.3,2,0,SM29566,3.5,,M
162,0,2,"Lewis, Mr. Edwin",male,49.1,1,1,SM79979,15.56,,M
163,1,2,"Garcia, Mr. Edward",male,23.4,1,0,SM60785,16.99,,L
164,1,3,"Johnson, Mr. Thomas",male,30.5,2,2,SM59089,6.97,,C
165,0,2,"Taylor, Miss Agnes",female,,1,0,SM21247,10.55,E35,M
166,1,3,"Williams, Mrs. Winifred",female,37.9,4,0,SM89670,4.27,,C
167,1,3,"Collins, Miss Clara",female,15.0,4,1,SM58310,6.91,,L
168,0,3,"Taylor, Mr. Charles",male,21.9,1,1,SM67154,12.32,,L
169,1,3,"Roberts, Miss Elsie",female,22.3,2,0,SM27001,3.5,,C
170,1,1,"Adams, Countess Mabel",female,29.9,0,0,SM38864,60.41,A39,L
171,1,1,"Green, Lady Martha",female,25.8,0,1,SM90918,50.76,C88,C
172,1,3,"Miller, Miss Mabel",female,13.4,1,3,SM28837,3.5,,M
173,0,3,"Lee, Mr. Lawrence",male,36.6,1,2,SM84455,8.44,,C
174,1,1,"Scott, Lady Lillian",female,36.4,2,1,SM81197,72.72,D54,M
175,1,2,"Harris, Mrs. Alice",female,11.7,0,0,SM10617,20.88,,L
176,1,3,"Miller, Mr. Clarence",male,22.7,2,0,SM64493,9.88,,M
177,0,3,"Moore, Mr. David",male,8.9,0,1,SM24806,4.13,,L
178,1,1,"Baker, Capt. Harold",male,47.3,0,0,SM69898,91.1,B51,M
179,1,1,"Lee, Col. John",male,32.6,1,1,SM42706,107.11,,L
180,1,2,"Hernandez, Miss Ida",female,15.0,3,0,SM41760,15.55,F40,C
181,1,2,"Campbell, Mr. James",male,14.1,0,0,SM52026,26.77,,M
182,1,3,"Miller, Miss Harriet",female,11.9,0,2,SM38574,6.57,,L
183,1,1,"Walker, Countess Emma",female,32.2,1,0,SM22672,203.15,C81,M
184,0,2,"Nelson, Mr. Walter",male,18.9,0,0,SM38632,16.28,,C
185,0,3,"Lee, Mr. John",male,,1,1,SM22560,6.91,,C
186,0,3,"Adams, Mr. Frederick",male,23.2,2,1,SM49309,9.31,,L
187,1,2,"Clark, Miss Ethel",female,44.0,0,1,SM53286,3.5,E23,L
188,1,1,"Thompson, Mrs. Agnes",female,65.9,0,2,SM98117,66.97,,C
189,1,3,"Brown, Mr. Henry",male,34.8,0,0,SM91940,9.94,,L
190,1,1,"Sanchez, Miss Agnes",female,34.3,0,0,SM64040,92.7,C62,M
191,0,3,"Lewis, Miss Gertrude",female,35.8,0,0,SM40422,8.43,,C
192,1,3,"Nelson, Mrs. Nora",female,19.6,2,0,SM29978,6.24,,C
193,1,1,"Adams, Capt. Frank",male,47.8,1,0,SM21959,133.23,D52,L
194,1,1,"Smith, Lady Frances",female,17.3,1,0,SM81582,138.76,,M
195,0,3,"Robinson, Mr. Robert",male,14.1,0,0,SM65498,7.52,,M
196,0,1,"Campbell, Rev. Lawrence",male,26.9,0,0,SM69441,89.9,A50,L
197,0,3,"Roberts, Mr. Stanley",male,19.3,0,0,SM28659,14.22,,C
198,0,2,"Hall, Mr. David",male,27.9,1,0,SM32149,18.93,,C
199,0,3,"Allen, Mr. Clarence",male,36.9,0,2,SM28293,3.5,,M
200,1,1,"Garcia, Col. Stanley",male,39.8,0,0,SM52622,51.19,C68,C
201,1,1,"Green, Capt. Walter",male,36.1,0,0,SM44760,3.5,,M
202,1,1,"Robinson, Lady Mary",female,47.6,0,0,SM28030,179.71,C22,C
203,1,3,"Baker, Mr. Frank",male,24.7,1,0,SM13788,11.48,,L
204,0,1,"Jones, Mr. Herbert",male,22.1,0,0,SM57277,132.93,A49,L
205,1,3,"Adams, Mrs. Winifred",female,12.5,0,0,SM14861,18.41,,C
206,1,1,"Sanchez, Lady Agnes",female,23.3,0,0,SM72245,82.81,,L
207,1,1,"King, Countess Mabel",female,56.7,0,1,SM96356,148.21,C21,M
208,1,1,"Perez, Miss Cecelia",female,29.9,1,1,SM70981,51.18,,C
209,0,1,"Thompson, Miss Cecelia",female,33.3,0,0,SM69929,124.2,A11,C
210,1,2,"Morris, Mrs. Ethel",female,0.5,0,0,SM39400,15.36,,C
211,1,2,"Perez, Mrs. Emma",female,55.3,3,0,SM61505,19.52,,C
212,1,1,"Campbell, Countess Louisa",female,49.6,0,1,SM66155,20.66,,L
213,1,2,"Jackson, Mr. Ernest",male,19.3,0,0,SM29162,10.55,,C
214,0,3,"Robinson, Miss Dorothy",female,37.4,1,1,SM25674,3.86,,L
215,1,2,"Clark, Mrs. Mary",female,45.6,0,0,SM81620,19.65,,L
216,0,1,"Phillips, Rev. Alfred",male,45.4,0,0,SM36896,155.17,B85,L
217,0,1,"Campbell, Capt. Robert",male,35.6,0,0,SM52840,88.06,D45,M
218,0,3,"Martinez, Mr. Frederick",male,32.2,0,0,SM55068,12.71,,L
219,1,3,"Thompson, Mr. Lawrence",male,5.1,2,1,SM58466,3.5,,M
220,1,2,"Edwards, Mr. Leonard",male,38.6,0,0,SM23133,3.5,,C
221,0,3,"Clark, Mr. Albert",male,22.2,0,1,SM85132,3.5,,L
222,1,3,"Sanchez, Mr. Ernest",male,11.9,3,3,SM84202,3.5,,C
223,1,1,"Phillips, Miss Emma",female,23.9,0,0,SM80305,106.07,A49,C
224,0,3,"Moore, Mr. Herbert",male,36.7,2,0,SM66532,7.91,,M
225,1,1,"Johnson, Lady Mary",female,36.2,1,0,SM33496,131.0,A77,L
226,1,3,"Perez, Miss Ida",female,38.2,0,0,SM71503,5.18,,C
227,0,1,"Anderson, Rev. Henry",male,53.7,1,0,SM67104,67.55,A60,M
228,1,3,"Green, Mr. Edwin",male,43.9,1,0,SM87376,8.98,,M
229,1,2,"Jackson, Miss Louisa",female,22.3,0,1,SM90151,14.94,,C
230,0,3,"King, Mrs. Violet",female,33.3,2,1,SM66980,5.65,,C
231,1,3,"Campbell, Mr. George",male,13.3,2,0,SM99779,8.24,,C
232,0,1,"Moore, Col. Frank",male,31.0,2,0,SM72773,109.21,,C
233,1,3,"Moore, Mr. Charles",male,34.4,0,1,SM51999,3.54,,L
234,0,3,"Mitchell, Mrs. Ida",female,34.8,1,0,SM27423,9.99,,L
235,1,1,"Clark, Mrs. Ethel",female,52.3,1,0,SM45187,80.87,A19,L
236,1,2,"Adams, Mrs. Gladys",female,,0,1,SM50906,22.43,,L
237,0,3,"Parker, Mr. Frederick",male,10.8,0,2,SM46452,9.94,,C
238,0,3,"Young, Mr. Edwin",male,27.8,2,0,SM58258,6.56,,C
239,0,3,"Sanchez, Mr. Roy",male,35.9,0,0,SM64767,6.2,,C
240,1,1,"Carter, Dr. Clarence",male,46.6,0,0,SM74634,119.27,B65,L
241,0,3,"Parker, Mr. Leonard",male,37.2,0,1,SM80464,3.5,,L
242,0,3,"Robinson, Mr. Raymond",male,36.3,1,0,SM65382,5.0,,M
243,0,3,"Moore, Mr. Robert",male,40.0,0,0,SM29558,4.75,,C
244,0,3,"Evans, Miss Ida",female,13.9,1,3,SM18601,12.41,,L
245,1,2,"Lopez, Miss Martha",female,21.3,0,0,SM57294,22.47,E38,M
246,1,1,"Carter, Col. Ernest",male,44.4,0,1,SM82512,77.38,C87,L
247,0,1,"Robinson, Capt. Leonard",male,37.1,1,1,SM75038,3.5,,L
248,1,3,"Phillips, Miss Anna",female,40.0,3,1,SM51116,3.91,,M
249,0,1,"Martinez, Capt. Thomas",male,56.4,0,0,SM31992,63.69,,M
250,1,2,"Perez, Mrs. Cecelia",female,20.0,0,2,SM74517,28.32,,L
251,1,3,"Nelson, Miss Martha",female,37.0,3,1,SM59518,4.37,,C
252,1,1,"Miller, Dr. Thomas",male,43.7,1,0,SM92306,105.43,D97,M
253,0,3,"Robinson, Mr. Robert",male,19.0,0,1,SM69468,3.5,,M
254,1,3,"Stewart, Miss Agnes",female,27.5,2,1,SM98487,4.26,,L
255,1,2,"Edwards, Miss Florence",female,27.8,0,1,SM57395,17.32,,L
256,1,1,"Green, Mrs. Ruth",female,27.8,1,1,SM26728,22.54,,C
257,1,2,"Phillips, Mrs. Anna",female,11.9,3,0,SM75382,23.59,E55,M
258,0,2,"Martinez, Mr. John",male,34.4,0,0,SM60934,28.81,,C
259,0,3,"Carter, Mr. Clarence",male,29.5,2,2,SM54909,12.6,,C
260,0,1,"Robinson, Rev. Leonard",male,45.8,0,1,SM31802,75.14,,L
261,0,2,"Clark, Mr. Ernest",male,34.4,0,1,SM58717,35.98,,L
262,1,1,"Robinson, Countess Helen",female,22.3,1,0,SM20350,74.94,,L
263,1,3,"Hall, Mr. Robert",male,31.6,0,1,SM75054,7.48,,L
264,0,2,"Parker, Mr. Alfred",male,27.2,0,0,SM83420,22.02,,C
265,1,1,"Martin, Lady Gladys",female,41.4,0,0,SM99241,87.39,,C
266,0,1,"Rogers, Dr. Henry",male,,1,0,SM35415,92.33,,L
267,1,1,"Roberts, Mr. Robert",male,44.5,0,0,SM87924,108.21,A63,C
268,1,1,"White, Miss Gertrude",female,48.9,0,2,SM25435,89.16,C67,L
269,1,1,"Green, Lady Rose",female,69.3,1,0,SM10464,56.45,B91,M
270,1,3,"Evans, Mr. Leonard",male,32.8,0,0,SM74440,7.59,,L
271,1,3,"White, Mrs. Mabel",female,22.4,4,0,SM27527,10.48,,C
272,1,2,"Parker, Miss Cecelia",female,44.1,2,0,SM22793,7.34,,C
273,0,3,"Perez, Mr. Herbert",male,31.1,0,0,SM49612,9.47,,C
274,1,2,"Williams, Mr. Robert",male,56.3,0,0,SM27536,11.57,,M
275,0,3,"Green, Mrs. Rose",female,25.1,1,1,SM18566,5.87,,C
276,1,2,"Edwards, Mrs. Nora",female,42.5,0,0,SM52056,19.46,,L
277,1,1,"Lopez, Lady Violet",female,,1,0,SM16428,164.96,,C
278,1,3,"Rogers, Miss Grace",female,27.5,3,2,SM27395,13.56,,L
279,0,2,"Rogers, Mr. Robert",male,32.1,0,0,SM48800,22.83,,L
280,0,1,"Lopez, Col. Alfred",male,53.4,0,0,SM89395,122.94,D78,M
281,1,2,"Williams, Mrs. Louisa",female,20.9,0,1,SM44513,31.15,,C
282,1,1,"Collins, Countess Ida",female,45.2,0,2,SM14722,76.77,,C
283,1,3,"Johnson, Mr. Richard",male,13.2,0,1,SM68891,6.25,,M
284,0,3,"Hernandez, Mr. Frederick",male,18.5,0,0,SM42353,11.72,,C
285,1,1,"Sanchez, Col. James",male,44.2,1,0,SM87397,99.3,A21,L
286,0,3,"Phillips, Mr. Harold",male,29.5,0,2,SM94922,12.0,,C
287,0,3,"Jackson, Mr. Walter",male,31.1,2,0,SM84529,10.16,,L
288,0,2,"Clark, Mr. Ernest",male,31.7,1,0,SM29484,14.09,,C
289,1,3,"Lee, Mr. Edwin",male,5.8,0,0,SM83681,6.88,,C
290,1,2,"Collins, Mr. Clarence",male,10.1,0,0,SM55544,16.05,,L
291,1,2,"Collins, Miss Gertrude",female,20.4,0,1,SM88647,19.36,,L
292,1,2,"Rogers, Mrs. Gertrude",female,19.4,0,1,SM70909,19.3,,L
293,1,1,"Edwards, Col. Michael",male,34.3,3,1,SM55508,73.01,C18,C
294,0,3,"Harris, Mr. Michael",male,20.8,2,0,SM36549,11.47,,L
295,1,1,"Brown, Col. Michael",male,49.6,3,2,SM52917,53.63,,C
296,0,3,"Anderson, Mr. David",male,21.7,4,0,SM84814,5.64,,L
297,1,1,"Green, Mrs. Harriet",female,20.9,0,0,SM33086,149.22,,M
298,1,1,"Harris, Mr. Frederick",male,33.7,0,1,SM72422,19.7,C75,C
299,1,1,"Clark, Rev. Ernest",male,34.0,1,1,SM31697,101.65,,L
300,0,3,"Thomas, Mr. John",male,,0,0,SM89073,13.15,,L
301,1,3,"Jones, Miss Rose",female,,1,0,SM30582,10.62,,M
302,0,1,"Nelson, Dr. Robert",male,54.8,0,0,SM47353,112.18,C88,M
303,1,3,"Williams, Miss Edith",female,,0,3,SM60579,6.15,,L
304,1,1,"Morris, Countess Edith",female,34.2,0,1,SM17552,112.48,D81,C
305,0,3,"Harris, Mr. Alfred",male,18.1,0,0,SM64127,8.86,,M
306,0,3,"Hall, Mr. Walter",male,6.5,0,0,SM77662,9.97,,M
307,1,1,"Garcia, Countess Florence",female,51.0,1,1,SM80284,40.47,D20,C
308,1,2,"Harris, Mr. James",male,46.2,1,0,SM99073,18.74,,M
309,0,3,"Lee, Mr. Edward",male,32.2,0,0,SM42457,3.5,,L
310,1,2,"Sanchez, Mr. Frank",male,51.9,0,0,SM91080,21.98,,M
311,0,3,"Green, Miss Gertrude",female,18.4,3,0,SM25493,7.34,,L
312,0,1,"Turner, Col. Harry",male,42.2,0,2,SM71474,56.45,,L
313,1,3,"Edwards, Mr. Henry",male,31.3,1,0,SM62642,6.71,,C
314,1,2,"Adams, Mr. Frederick",male,23.8,1,0,SM23970,23.84,,C
315,1,2,"Baker, Mr. Henry",male,46.1,0,0,SM18581,37.38,,C
316,0,3,"Smith, Mr. Arthur",male,1.3,3,0,SM48983,14.19,,L
317,1,2,"Robinson, Miss Violet",female,23.0,0,0,SM33425,23.24,,C
318,1,2,"Nelson, Miss Nora",female,25.1,0,2,SM69840,9.63,,C
319,1,2,"Stewart, Mr. Albert",male,32.9,1,0,SM78569,9.25,,L
320,1,2,"Lopez, Mr. Lawrence",male,68.6,0,1,SM16014,31.15,E62,C
321,1,2,"Martinez, Mr. Frank",male,23.6,2,0,SM69905,16.69,,L
322,1,3,"Martinez, Mr. Frank",male,32.3,0,0,SM97826,4.85,,L
323,1,1,"Robinson, Col. Roy",male,45.9,0,0,SM19071,142.12,,C
324,1,1,"Edwards, Mrs. Gladys",female,27.1,1,0,SM61347,37.55,A40,C
325,1,1,"Hall, Mrs. Emma",female,43.1,0,0,SM63008,68.65,,L
326,1,2,"White, Mrs. Agnes",female,42.3,0,0,SM60556,12.84,,C
327,0,3,"Jones, Mr. Leonard",male,21.5,0,0,SM54606,6.63,,M
328,1,1,"Martinez, Countess Edith",female,23.8,2,2,SM19742,131.99,,C
329,1,1,"Morris, Capt. Alfred",male,51.4,0,0,SM16734,87.52,D24,M
330,1,1,"Harris, Countess Anna",female,45.2,1,1,SM29936,48.39,A26,C
331,0,2,"Parker, Mrs. Elsie",female,15.1,0,2,SM82368,26.85,F32,C
332,1,1,"Evans, Miss Florence",female,34.6,0,1,SM27294,72.25,D82,L
333,0,3,"Smith, Miss Dorothy",female,27.7,1,1,SM92279,14.59,,C
334,1,2,"Anderson, Mr. Harold",male,10.1,0,0,SM62354,3.5,,L
335,1,3,"Hernandez, Mr. Walter",male,26.6,0,0,SM36208,8.33,,L
336,0,3,"Turner, Mr. Alfred",male,,3,0,SM88494,7.49,,C
337,0,3,"Campbell, Miss Martha",female,35.1,1,2,SM37815,11.97,,C
338,0,3,"Moore, Mr. David",male,41.6,1,0,SM78534,13.42,,C
339,1,1,"Edwards, Countess Helen",female,39.9,0,0,SM80236,105.28,,C
340,0,3,"Scott, Mr. Herbert",male,35.2,0,0,SM74415,3.5,,L
341,0,3,"Jones, Mr. George",male,,0,0,SM92090,14.05,,M
342,1,2,"Campbell, Miss Harriet",female,33.3,0,0,SM81618,5.43,,L
343,0,3,"Morris, Miss Harriet",female,19.4,2,0,SM29826,8.94,,C
344,0,3,"Young, Mr. William",male,49.7,1,1,SM13901,3.5,,L
345,1,3,"Jones, Mr. John",male,32.9,0,0,SM93930,9.81,,L
346,0,3,"Miller, Mr. John",male,29.8,0,2,SM40841,6.02,,C
347,0,2,"Green, Mr. Alfred",male,18.8,0,1,SM84978,23.88,,L
348,1,2,"Phillips, Mr. Stanley",male,52.0,0,0,SM31409,12.66,F50,M
349,1,2,"Walker, Mr. David",male,36.5,1,0,SM44483,11.9,,L
350,0,3,"Thomas, Mr. John",male,20.0,0,0,SM24336,6.48,,C
351,0,3,"Martin, Mr. Roy",male,29.9,0,1,SM42771,4.99,,L
352,1,3,"Edwards, Mr. Albert",male,14.4,1,0,SM86543,3.5,,C
353,0,1,"Nelson, Capt. Ernest",male,45.1,1,0,SM16764,120.03,B46,L
354,1,1,"Taylor, Capt. Alfred",male,34.3,0,0,SM71894,145.39,B59,L
355,0,1,"Harris, Mr. Ernest",male,27.0,0,0,SM84341,81.94,,L
356,1,1,"Sanchez, Miss Mary",female,38.8,0,0,SM18200,86.62,B56,L
357,0,3,"Turner, Mr. George",male,26.0,1,1,SM48477,3.52,,C
358,0,3,"Davis, Miss Alice",female,18.9,0,0,SM87283,10.37,,L
359,0,3,"Martin, Mr. Lawrence",male,16.5,0,1,SM79489,12.81,,M
360,0,3,"Clark, Miss Rose",female,18.9,4,1,SM29278,17.31,,M
361,1,1,"Sanchez, Rev. Leonard",male,52.3,0,0,SM37082,42.92,,M
362,0,3,"Lopez, Mr. Leonard",male,38.4,0,0,SM84762,3.5,,L
363,1,2,"Phillips, Mrs. Edith",female,17.8,1,1,SM37483,19.38,,L
364,1,1,"Young, Lady Mabel",female,40.9,0,0,SM70910,178.39,D53,L
365,1,3,"Campbell, Mr. Alfred",male,36.3,3,0,SM48005,11.67,,C
366,1,2,"Robinson, Miss Beatrice",female,24.6,2,0,SM99074,24.04,,L
367,1,2,"Taylor, Mrs. Mary",female,64.5,0,0,SM67464,22.97,,L
368,1,2,"Robinson, Mrs. Gertrude",female,13.5,0,1,SM59634,3.5,,L
369,1,3,"Collins, Mr. Thomas",male,16.8,0,2,SM64675,9.64,,M
370,0,1,"Parker, Capt. William",male,61.0,0,1,SM85248,133.6,D81,M
371,0,2,"Roberts, Mr. Frederick",male,17.5,2,0,SM55069,19.81,,M
372,0,3,"Harris, Mr. Robert",male,31.0,2,2,SM35652,12.6,,L
373,0,1,"Thomas, Miss Ruth",female,46.5,3,0,SM60132,3.5,D58,L
374,1,2,"Hall, Miss Anna",female,23.6,0,0,SM54284,19.1,,L
375,0,1,"Miller, Mr. Herbert",male,52.1,0,0,SM11056,41.91,,M
376,1,1,"Nelson, Col. Samuel",male,53.1,2,0,SM57381,34.27,A35,M
377,0,2,"Edwards, Mr. George",male,27.7,2,1,SM30715,14.27,,C
378,0,3,"Roberts, Miss Mabel",female,14.6,1,0,SM23742,6.9,,C
379,0,3,"Campbell, Mrs. Grace",female,,3,0,SM59827,3.5,,M
380,1,1,"Moore, Mrs. Nora",female,51.2,0,0,SM66280,80.34,B41,L
381,1,3,"Clark, Mr. Richard",male,22.3,2,3,SM19757,8.93,,M
382,1,2,"Stewart, Miss Edith",female,26.0,0,0,SM12170,18.28,,M
383,1,1,"Johnson, Rev. Frank",male,29.1,0,2,SM70852,87.59,,L
384,1,2,"Lee, Mr. Harry",male,38.8,0,0,SM89076,14.15,F29,L
385,1,3,"Lewis, Mr. Raymond",male,13.8,2,0,SM71066,7.63,,L
386,1,1,"Morris, Miss Margaret",female,37.9,1,0,SM22803,69.99,A53,C
387,0,2,"Hall, Mr. Harry",male,24.9,0,0,SM25336,22.09,,M
388,0,3,"King, Mrs. Winifred",female,33.2,1,0,SM71228,8.86,,L
389,0,3,"Parker, Miss Lillian",female,,0,3,SM40464,3.5,,C
390,1,3,"Turner, Mr. David",male,18.4,2,1,SM49478,14.37,,L
391,1,3,"Rogers, Mr. Charles",male,43.3,0,3,SM33784,6.22,,L
392,1,3,"Jackson, Mrs. Dorothy",female,47.4,1,3,SM11110,7.77,,M
393,1,1,"Taylor, Countess Martha",female,74,0,0,SM76402,139.83,,M
394,1,3,"Lopez, Mr. Michael",male,22.4,0,0,SM60012,4.17,,L
395,0,1,"Roberts, Capt. Michael",male,29.6,1,0,SM85574,104.73,A65,L
396,1,1,"Evans, Countess Alice",female,,1,0,SM22656,121.06,,L
397,0,3,"Turner, Mr. James",male,,1,0,SM10753,9.09,,C
398,1,2,"Smith, Mr. Henry",male,23.3,1,0,SM74491,14.2,,M
399,0,3,"Wright, Mr. Edward",male,22.0,0,1,SM36832,13.74,,L
400,1,3,"Garcia, Mr. William",male,27.0,2,2,SM15572,6.43,,L
401,1,3,"Campbell, Mr. Alfred",male,12.8,2,0,SM51120,3.5,,C
402,1,1,"Adams, Capt. Edwin",male,14.0,3,0,SM91399,112.94,A36,C
403,1,2,"Baker, Mr. Clarence",male,0.5,0,0,SM43425,27.25,F65,M
404,1,2,"King, Miss Mabel",female,,0,0,SM49562,24.29,E33,M
405,1,1,"Johnson, Capt. Edward",male,9.1,0,2,SM28569,136.48,C68,M
406,1,1,"Parker, Lady Ethel",female,44.9,1,0,SM42087,52.3,D44,M
407,1,3,"Allen, Mr. Clarence",male,39.2,0,1,SM79355,12.52,,L
408,0,3,"Davis, Mr. Richard",male,37.8,3,3,SM92111,3.54,,C
409,1,1,"Roberts, Capt. Henry",male,54.8,1,1,SM21053,73.51,B15,L
410,0,3,"Taylor, Mr. Ernest",male,23.2,1,1,SM22098,9.05,,C
411,1,3,"Johnson, Mr. Raymond",male,13.5,0,1,SM11469,10.93,,C
412,0,3,"Lopez, Mr. Stanley",male,43.7,1,1,SM40107,13.11,,L
413,0,3,"Green, Mr. Edwin",male,30.7,0,0,SM34696,7.01,,M
414,1,3,"Young, Miss Martha",female,,0,0,SM75726,3.5,,C
415,1,2,"Roberts, Mr. Raymond",male,33.6,1,1,SM82358,28.71,,L
416,1,3,"Taylor, Miss Emma",female,48.2,0,0,SM96997,11.97,,M
417,1,2,"Mitchell, Mr. Roy",male,27.5,1,0,SM38143,21.2,,L
418,1,1,"Perez, Lady Helen",female,30.6,1,0,SM60422,98.89,,L
419,0,2,"Brown, Miss Agnes",female,42.6,0,0,SM38830,21.48,,C
420,0,3,"Young, Mr. Clarence",male,31.1,1,0,SM95322,5.4,,M
421,0,2,"Sanchez, Miss Martha",female,,2,0,SM45268,9.73,,C
422,1,2,"Lee, Mr. Henry",male,8.8,0,2,SM95089,25.29,,C
423,1,1,"Lewis, Mr. Alfred",male,61.1,0,0,SM10455,81.06,,M
424,0,2,"Lopez, Mr. Harry",male,8.4,0,1,SM12453,23.94,,L
425,0,1,"Jones, Lady Beatrice",female,69.8,0,1,SM13617,104.91,C32,C
426,0,3,"Taylor, Mr. Robert",male,39.6,0,0,SM89388,5.65,,L
427,0,3,"White, Mrs. Clara",female,26.7,2,2,SM89405,18.35,,L
428,1,3,"White, Mr. Herbert",male,7.7,1,1,SM92441,6.53,,C
429,0,2,"Evans, Mr. Edward",male,29.9,0,2,SM18127,26.37,,M
430,1,1,"Jackson, Countess Violet",female,47.7,2,0,SM94108,88.88,,C
431,1,1,"Sanchez, Mrs. Clara",female,56.2,2,0,SM49251,117.87,,L
432,1,1,"Stewart, Lady Beatrice",female,45.8,0,0,SM80010,55.89,A16,C
433,0,1,"Phillips, Capt. Michael",male,,2,0,SM66072,3.5,B93,L
434,0,3,"Allen, Mr. James",male,31.6,0,0,SM22661,6.62,,M
435,0,3,"Morris, Miss Cecelia",female,,0,0,SM32843,11.82,,L
436,0,3,"Scott, Mr. Leonard",male,36.2,0,2,SM78012,8.03,,C
437,0,3,"Baker, Mr. Robert",male,26.3,0,2,SM87660,5.64,,L
438,1,3,"Moore, Mrs. Alice",female,26.5,1,2,SM20245,10.67,,L
439,0,1,"Campbell, Capt. Walter",male,53.9,0,2,SM21725,60.08,,L
440,1,3,"Sanchez, Mr. John",male,21.9,0,3,SM95037,5.81,,L
441,1,2,"Edwards, Mrs. Frances",female,31.8,1,0,SM78197,16.76,,C
442,0,1,"Allen, Col. Walter",male,31.8,0,2,SM86556,98.75,,L
443,0,3,"Campbell, Mr. Herbert",male,46.7,2,2,SM93863,7.04,,L
444,1,3,"Anderson, Mr. Charles",male,37.3,0,0,SM44690,11.09,,L
445,1,3,"Wright, Mrs. Louisa",female,23.9,1,3,SM66694,16.96,,M
446,0,1,"Thompson, Dr. Edward",male,20.6,0,0,SM10887,86.46,,L
447,1,2,"Miller, Mrs. Ethel",female,23.7,1,2,SM62096,16.09,,M
448,1,2,"Anderson, Mr. Richard",male,52.1,0,1,SM62037,18.24,,M
449,0,3,"Lopez, Mrs. Ruth",female,58.8,3,1,SM70903,3.88,,C
450,0,3,"Johnson, Mr. Frank",male,28.8,0,1,SM11032,8.65,,L
451,0,3,"Clark, Mr. John",male,39.9,0,1,SM80328,3.5,,L
452,0,2,"Campbell, Mr. Samuel",male,48.7,0,0,SM75333,22.76,,L
453,1,1,"Anderson, Lady Ida",female,50.8,1,2,SM36365,145.53,,L
454,1,3,"Robinson, Mrs. Florence",female,33.9,1,2,SM37180,5.97,,C
455,1,3,"Taylor, Mr. Michael",male,21.3,3,3,SM18481,7.0,,L
456,0,2,"Parker, Mr. Ernest",male,54.5,1,0,SM91352,28.86,,M
457,0,3,"Adams, Mr. Michael",male,,2,1,SM47560,8.67,,L
458,1,1,"Johnson, Countess Dorothy",female,41.6,0,0,SM18357,122.65,A18,M
459,1,1,"Moore, Countess Harriet",female,46.0,0,0,SM73614,53.0,,M
460,1,2,"Carter, Mrs. Cecelia",female,30.7,0,0,SM42749,18.42,,M
461,0,3,"Thompson, Mr. Edward",male,25.2,0,1,SM61505,3.5,,L
462,0,3,"Rogers, Mrs. Margaret",female,38.9,0,1,SM26515,10.51,,C
463,0,3,"Stewart, Mr. Arthur",male,30.2,1,1,SM86076,12.29,,M
464,0,3,"Allen, Mr. Edward",male,,0,0,SM50907,3.5,,C
465,0,3,"Anderson, Mr. John",male,19.7,2,1,SM59781,14.28,,C
466,0,3,"Baker, Mr. Frederick",male,,2,1,SM49405,3.59,,L
467,0,3,"Miller, Mrs. Winifred",female,29.0,0,0,SM48289,9.74,,C
468,1,2,"Lee, Mrs. Gertrude",female,48.2,3,0,SM66906,23.81,,L
469,1,1,"Williams, Col. Stanley",male,41.2,0,2,SM94790,55.54,C16,M
470,1,3,"Thomas, Miss Margaret",female,19.2,2,0,SM53634,5.25,,C
471,0,2,"Rogers, Mr. Lawrence",male,47.5,1,0,SM17094,5.09,,L
472,0,3,"Rogers, Mr. Walter",male,30.3,0,1,SM26822,4.29,,L
473,1,1,"Rogers, Lady Mabel",female,25.4,0,0,SM89254,84.24,C16,C
474,1,2,"Robinson, Mrs. Anna",female,57.1,0,0,SM20480,27.95,,C
475,0,3,"Campbell, Mr. Michael",male,7.7,0,0,SM46335,8.31,,C
476,0,1,"Sanchez, Miss Violet",female,36.8,1,1,SM46666,14.28,C37,L
477,1,3,"Edwards, Mr. Alfred",male,29.9,2,2,SM25031,7.53,,C
478,0,3,"Williams, Mr. Edward",male,42.3,0,0,SM34931,3.5,,L
479,1,3,"Hall, Mr. Richard",male,14.1,0,0,SM49930,4.03,,L
480,1,3,"Edwards, Mr. Arthur",male,31.0,1,0,SM42728,6.07,,L
481,1,2,"Morris, Mrs. Cecelia",female,,1,1,SM40497,21.07,,C
482,0,1,"Campbell, Col. Charles",male,50.9,0,0,SM75866,70.75,,M
483,1,2,"Hernandez, Mr. David",male,15.9,0,0,SM45910,30.87,,C
484,1,1,"Martinez, Countess Elsie",female,45.7,0,1,SM81932,85.54,,C
485,0,3,"Lewis, Mr. Edwin",male,10.2,0,1,SM19296,11.54,,M
486,1,3,"Hall, Mr. Edward",male,11.5,0,1,SM73176,7.36,,L
487,0,2,"Parker, Mr. Robert",male,32.0,0,1,SM60738,20.4,,L
488,1,2,"Martin, Miss Harriet",female,28.3,0,0,SM48558,23.38,,M
489,1,2,"King, Mrs. Winifred",female,,0,1,SM42859,15.99,,C
490,0,3,"Thompson, Mr. Lawrence",male,34.1,1,0,SM16932,11.53,,L
491,1,1,"Rogers, Lady Martha",female,39.8,0,0,SM49008,58.33,,C
492,1,3,"Scott, Mr. Herbert",male,17.4,1,2,SM23114,10.76,,C
493,0,2,"Jackson, Mrs. Margaret",female,15.2,0,0,SM91962,8.07,,M
494,1,2,"Collins, Miss Elsie",female,21.4,0,0,SM98761,25.19,,C
495,1,1,"Baker, Col. William",male,35.8,2,0,SM52030,24.16,B94,C
496,1,1,"Jackson, Lady Cecelia",female,61.4,0,0,SM77215,65.26,,C
497,0,2,"Thomas, Mr. David",male,1.9,0,0,SM17128,15.07,,M
498,0,3,"Lopez, Mr. Stanley",male,25.9,1,0,SM15856,7.74,,L
499,0,2,"Jackson, Mr. Arthur",male,12.6,1,0,SM21728,14.02,,C
500,1,3,"Turner, Mr. Richard",male,6.2,1,0,SM96278,7.09,,M
501,0,3,"Evans, Mr. Roy",male,35.5,2,1,SM80381,3.5,,M
502,0,3,"Thomas, Mr. Harold",male,13.6,0,0,SM89242,6.59,,L
503,1,3,"Evans, Mr. Clarence",male,14.2,0,0,SM90960,7.22,,C
504,1,2,"Edwards, Mr. Herbert",male,21.0,2,0,SM36305,19.9,,C
505,0,1,"Scott, Col. Charles",male,62.3,0,0,SM39571,106.44,,C
506,1,1,"Thomas, Capt. Roy",male,58.2,0,2,SM74930,125.23,C14,L
507,1,2,"Carter, Mrs. Gertrude",female,15.2,0,0,SM53365,18.59,,C
508,1,1,"Hall, Mrs. Emma",female,38.2,0,0,SM59941,84.81,,M
509,1,2,"Johnson, Mrs. Anna",female,14.5,2,1,SM19506,29.05,,M
510,0,3,"Green, Mr. Clarence",male,,3,0,SM63347,7.57,,M
511,0,2,"Johnson, Mr. George",male,,2,1,SM38091,12.27,,C
512,0,2,"Martinez, Mr. Leonard",male,,1,2,SM27133,21.58,,L
513,1,2,"Garcia, Miss Agnes",female,12.8,0,0,SM79922,15.18,,C
514,0,1,"Parker, Mr. Arthur",male,31.3,0,0,SM40870,85.38,C52,L
515,0,2,"Allen, Miss Rose",female,25.6,2,0,SM59969,11.99,,M
516,0,3,"Hernandez, Mr. Charles",male,29.3,1,0,SM70106,13.11,,L
517,1,3,"White, Mrs. Nora",female,41.6,4,3,SM44227,8.1,,L
518,1,3,"Williams, Mrs. Helen",female,11.1,0,2,SM82151,10.88,,L
519,1,1,"Hall, Lady Anna",female,53.6,0,2,SM95191,83.67,B27,L
520,0,2,"Turner, Mr. John",male,3.1,0,0,SM60202,20.12,,L
521,1,1,"Lee, Countess Gertrude",female,45.0,0,1,SM30719,46.79,D69,L
522,1,2,"Moore, Mrs. Violet",female,57.2,1,0,SM85527,25.6,,L
523,1,2,"Lewis, Miss Violet",female,41.7,1,0,SM31206,10.72,F70,L
524,0,3,"Taylor, Miss Mary",female,32.4,0,2,SM69772,7.66,,M
525,1,2,"Perez, Mr. Harry",male,15.9,0,0,SM31495,12.5,,L
526,0,1,"Campbell, Dr. Clarence",male,55.3,0,1,SM67549,84.81,,L
527,1,1,"Nelson, Capt. Harry",male,23.4,0,0,SM34727,68.95,,L
528,0,2,"Evans, Mr. Frank",male,41.4,0,0,SM26762,14.93,,L
529,1,1,"Hernandez, Rev. Samuel",male,29.3,2,1,SM30926,95.13,,L
530,0,2,"Harris, Mr. David",male,16.1,1,1,SM68065,12.94,,M
531,1,2,"Moore, Miss Emma",female,15.3,0,0,SM28705,21.64,,M
532,0,3,"Jackson, Mr. George",male,37.3,0,1,SM32900,7.98,,M
533,1,2,"Baker, Mr. Henry",male,9.3,3,1,SM85399,3.5,,L
534,0,3,"Parker, Mr. Herbert",male,30.1,0,1,SM99816,5.36,,L
535,0,3,"White, Mr. Clarence",male,21.8,2,1,SM83537,3.5,,C
536,0,2,"Campbell, Mr. Robert",male,29.1,0,0,SM32361,17.03,F75,M
537,0,3,"Young, Mr. Alfred",male,,0,0,SM30325,8.98,,M
538,1,1,"Campbell, Miss Harriet",female,34.5,1,2,SM27675,59.85,D14,L
539,1,3,"Roberts, Miss Lillian",female,20.9,4,2,SM98225,14.07,,C
540,0,2,"Parker, Mr. Michael",male,40.7,2,0,SM99463,5.36,,L
541,1,3,"Smith, Mr. William",male,0.5,0,3,SM95016,9.73,,L
542,1,3,"Martin, Mr. Michael",male,23.0,0,0,SM37887,7.65,,C
543,1,2,"Nelson, Mr. Alfred",male,32.4,0,0,SM84141,12.6,,L
544,0,2,"Smith, Mr. Clarence",male,31.7,1,2,SM59638,26.98,,L
545,0,3,"Miller, Mr. Albert",male,27.6,2,0,SM17455,13.43,,M
546,1,2,"Rogers, Mrs. Alice",female,36.9,0,1,SM84323,15.19,,C
547,0,3,"Wright, Mr. Harry",male,30.7,0,2,SM48987,3.5,,L
548,1,3,"King, Mr. Alfred",male,28.9,0,2,SM18523,8.39,,M
549,0,1,"Clark, Rev. Lawrence",male,30.9,1,1,SM14705,143.2,,L
550,1,2,"Martin, Mrs. Agnes",female,30.8,3,0,SM86544,17.26,,M
551,1,2,"Scott, Mr. Charles",male,34.1,0,0,SM62506,17.65,,L
552,1,1,"Young, Mr. Edward",male,60.4,1,0,SM61807,78.93,,L
553,0,3,"Harris, Mr. Lawrence",male,22.3,1,0,SM28837,4.41,,L
554,0,3,"Turner, Mrs. Gertrude",female,41.9,4,0,SM62564,7.27,,C
555,1,1,"Sanchez, Mrs. Nora",female,41.4,0,0,SM59391,130.63,B68,M
556,1,1,"Martinez, Capt. Edwin",male,57.9,0,0,SM31229,29.4,B54,M
557,0,3,"Adams, Mr. Stanley",male,18.3,1,2,SM95463,8.9,,L
558,1,2,"Phillips, Mrs. Anna",female,32.2,1,0,SM64146,23.8,E28,M
559,0,2,"Perez, Mr. Frederick",male,69.7,0,0,SM26880,32.44,F27,L
560,0,2,"Hall, Mr. Charles",male,23.3,0,1,SM77147,21.25,,C
561,0,2,"Morris, Mr. Walter",male,23.3,3,0,SM36812,17.44,F75,C
562,1,2,"Walker, Mrs. Emma",female,31.4,3,0,SM11274,26.91,,L
563,1,1,"Harris, Miss Gladys",female,48.4,0,0,SM44180,89.03,D47,L
564,1,1,"Young, Mr. Edward",male,39.3,2,0,SM49363,74.31,D51,L
565,1,3,"Lewis, Miss Gertrude",female,0.5,1,0,SM43468,7.08,,C
566,0,1,"Adams, Mr. Herbert",male,40.9,2,0,SM67340,53.18,B67,M
567,1,1,"Brown, Dr. Stanley",male,42.4,1,1,SM73656,76.84,,L
568,0,3,"Lee, Mr. Frederick",male,18.0,3,2,SM55140,12.03,,M
569,1,3,"Taylor, Miss Grace",female,33.3,1,0,SM86556,11.34,,M
570,1,2,"Nelson, Miss Nora",female,13.3,0,1,SM32570,11.86,,L
571,0,2,"King, Mr. Edwin",male,33.7,0,0,SM20271,20.83,,L
572,1,3,"Sanchez, Mrs. Elsie",female,,1,0,SM61733,16.7,,C
573,0,3,"Parker, Mr. Ernest",male,15.0,1,1,SM17346,10.86,,M
574,0,1,"Collins, Countess Agnes",female,25.7,1,2,SM90589,100.03,,L
575,1,3,"Parker, Mr. Arthur",male,9.0,0,0,SM92941,6.27,,L
576,1,1,"Harris, Mr. David",male,20.0,1,0,SM20084,50.25,B82,M
577,1,3,"Turner, Mr. Herbert",male,17.5,0,2,SM98428,7.88,,L
578,0,3,"Johnson, Mr. William",male,22.4,1,0,SM96246,3.59,,L
579,0,2,"Jones, Mrs. Agnes",female,15.2,0,0,SM84128,16.37,,M
580,1,1,"Parker, Col. Harold",male,,0,1,SM33777,117.77,,C
581,1,3,"Hernandez, Mr. Frederick",male,32.6,2,0,SM85989,8.41,,L
582,1,1,"Collins, Lady Nora",female,64.4,0,0,SM83616,3.5,B69,L
583,1,1,"Hernandez, Miss Clara",female,,0,0,SM19545,68.7,B99,L
584,0,3,"Hall, Mr. Harold",male,13.4,2,2,SM87810,10.14,,L
585,1,3,"Smith, Mr. David",male,,0,1,SM28664,12.46,,L
586,0,1,"Clark, Col. Roy",male,39.7,1,0,SM76088,101.48,B24,L
587,1,1,"Perez, Mrs. Lillian",female,43.5,3,0,SM56952,70.51,,M
588,0,3,"Anderson, Mr. Thomas",male,21.9,1,1,SM38476,13.88,,M
589,0,2,"Miller, Mr. Albert",male,37.7,2,1,SM15144,20.27,,C
590,0,3,"Smith, Mr. Harry",male,27.0,2,0,SM90405,3.5,,C
591,1,3,"Anderson, Mr. Harold",male,34.5,3,2,SM31135,13.6,,L
592,0,3,"Lopez, Mr. Leonard",male,20.5,0,2,SM44136,3.5,,L
593,1,2,"Hernandez, Miss Edith",female,33.1,1,0,SM68059,16.4,,M
594,0,1,"Williams, Rev. Harold",male,36.2,1,0,SM65872,162.54,,C
595,1,3,"Lee, Mr. George",male,24.6,0,0,SM13816,3.88,,M
596,0,3,"Wright, Miss Dorothy",female,27.1,0,1,SM71707,7.03,,M
597,0,2,"King, Mr. David",male,19.9,0,0,SM54801,19.74,,L
598,0,3,"Martin, Mr. Samuel",male,20.9,1,2,SM57044,11.58,,L
599,1,2,"King, Miss Elsie",female,32.7,3,0,SM70387,6.64,,M
600,1,1,"Moore, Col. Frank",male,24.5,1,0,SM11330,154.5,B20,L
601,1,2,"Hernandez, Mrs. Ethel",female,45.7,0,1,SM93705,16.69,,C
602,1,1,"Hernandez, Lady Alice",female,68.0,0,1,SM16572,117.19,B17,M
603,1,2,"Hall, Miss Cecelia",female,4.3,1,0,SM67536,8.9,F32,L
604,0,3,"Scott, Mr. Walter",male,13.3,0,0,SM77256,11.69,,M
605,1,1,"Evans, Countess Ruth",female,48.7,0,0,SM38905,45.86,C38,C
606,0,3,"Thomas, Mr. Arthur",male,35.7,0,0,SM56064,5.04,,C
607,0,3,"Morris, Mr. Albert",male,16.3,0,1,SM19872,18.06,,M
608,0,3,"Martinez, Mr. Frederick",male,25.1,4,2,SM16202,12.59,,L
609,0,3,"Williams, Mr. Edwin",male,29.5,0,0,SM82536,3.5,,L
610,1,2,"Martinez, Miss Alice",female,26.3,0,0,SM75774,18.9,,C
611,1,2,"Johnson, Mr. Ernest",male,20.0,0,0,SM55843,27.31,,M
612,1,2,"Baker, Mrs. Cecelia",female,41.0,0,1,SM89450,33.04,,C
613,1,3,"Miller, Mr. Stanley",male,12.3,1,0,SM52830,3.5,,C
614,1,1,"Mitchell, Mrs. Harriet",female,37.8,0,0,SM26821,99.33,,M
615,1,1,"Anderson, Mr. Charles",male,31.7,0,0,SM55830,112.9,B38,L
616,1,1,"Lopez, Mrs. Anna",female,57.8,0,0,SM80592,58.36,C27,L
617,0,3,"Sanchez, Mr. Roy",male,28.0,0,1,SM37297,6.02,,C
618,0,3,"Taylor, Mr. Michael",male,25.4,0,3,SM37471,11.59,,L
619,1,1,"Hernandez, Mrs. Violet",female,,0,0,SM23238,110.54,D91,M
620,0,1,"Evans, Capt. Samuel",male,36.6,2,1,SM53694,27.31,B54,L
621,0,2,"Thomas, Miss Frances",female,33.9,1,0,SM80879,11.72,F45,M
622,1,2,"Jones, Miss Dorothy",female,21.0,0,0,SM63713,7.55,,L
623,0,1,"Allen, Capt. Henry",male,64.2,0,0,SM51224,60.25,A61,M
624,1,2,"Taylor, Mr. Frederick",male,36.7,2,0,SM28163,14.75,,C
625,0,3,"Moore, Mr. Clarence",male,33.6,0,1,SM36370,7.61,,C
626,1,2,"Miller, Mrs. Louisa",female,15.3,1,0,SM88632,17.07,,L
627,1,2,"Jackson, Miss Violet",female,34.6,0,1,SM77740,30.16,,C
628,0,2,"Taylor, Mrs. Harriet",female,44.3,2,0,SM25403,13.72,E77,C
629,1,2,"Scott, Miss Gladys",female,,0,0,SM40305,24.63,,C
630,0,2,"Allen, Mr. Ernest",male,34.4,1,1,SM32184,26.84,,C
631,1,2,"Lopez, Mr. Edwin",male,30.8,0,1,SM90434,16.95,,C
632,0,3,"Brown, Mr. Frederick",male,19.0,0,1,SM46418,5.68,,L
633,1,3,"Evans, Mrs. Mabel",female,34.6,0,0,SM11105,3.5,,L
634,0,2,"Clark, Mr. Alfred",male,31.7,0,1,SM39912,24.29,,C
635,1,3,"Lopez, Miss Mary",female,19.8,0,0,SM94500,7.45,,L
636,0,3,"Thomas, Mr. Walter",male,26.2,0,0,SM82596,5.83,,C
637,0,3,"Walker, Mr. Charles",male,37.3,0,1,SM75767,6.95,,C
638,0,3,"Wright, Mr. Edward",male,25.5,2,0,SM18444,3.5,,C
639,0,3,"Smith, Mr. James",male,40.8,2,1,SM95078,4.19,,C
640,0,2,"Harris, Mr. Stanley",male,36.8,0,0,SM12816,11.15,F41,C
641,0,3,"King, Mr. George",male,45.3,0,1,SM66689,5.74,,L
642,1,3,"Young, Mr. Samuel",male,32.9,0,0,SM46408,8.54,,C
643,1,2,"Jones, Mr. Arthur",male,35.9,1,0,SM58354,27.57,,C
644,1,1,"Lopez, Mrs. Harriet",female,46.0,0,0,SM86064,82.53,A67,M
645,0,1,"Miller, Rev. George",male,,0,1,SM59192,20.15,B19,C
646,0,3,"Rogers, Mr. Raymond",male,33.6,0,0,SM65690,11.35,,M
647,1,1,"Green, Mr. Albert",male,34.4,2,0,SM88172,117.38,D86,M
648,0,2,"Carter, Mr. John",male,15.7,1,0,SM21665,20.12,,M
649,0,1,"Jones, Col. Lawrence",male,47.8,1,0,SM10336,56.11,C85,C
650,1,1,"Phillips, Col. Lawrence",male,34.7,0,0,SM79514,68.32,,C
651,1,1,"Roberts, Mrs. Alice",female,22.3,1,1,SM99838,134.57,,L
652,0,3,"Lee, Mr. Richard",male,15.3,3,1,SM59253,7.43,,L
653,0,3,"Lee, Mr. Samuel",male,14.3,0,0,SM51971,10.66,,L
654,0,2,"Roberts, Mr. Henry",male,36.1,0,1,SM17019,13.33,E32,L
655,1,3,"Sanchez, Mr. John",male,5.9,1,0,SM25842,15.21,,L
656,1,1,"Allen, Capt. Richard",male,33.8,2,0,SM10053,69.14,B65,M
657,1,2,"Lewis, Miss Cecelia",female,25.8,1,0,SM49789,15.87,E42,L
658,1,1,"King, Mr. Lawrence",male,18.4,0,1,SM30232,102.12,C53,C
659,1,2,"King, Mrs. Elsie",female,29.5,0,0,SM48270,19.55,,L
660,1,1,"Garcia, Lady Nora",female,50.8,1,0,SM22245,76.32,B85,M
661,1,2,"White, Mr. Samuel",male,28.6,2,1,SM98866,26.69,,C
662,1,1,"Carter, Rev. Frederick",male,49.4,1,1,SM16743,110.96,,C
663,1,2,"Miller, Mrs. Harriet",female,19.6,1,0,SM19452,3.5,,L
664,1,1,"Taylor, Mrs. Gladys",female,38.3,3,2,SM24408,15.67,,L
665,0,1,"Hall, Capt. Robert",male,20.3,1,0,SM66873,93.55,,L
666,1,3,"Moore, Miss Dorothy",female,0.5,1,1,SM54650,3.5,,M
667,1,1,"Lee, Mrs. Clara",female,,0,1,SM75513,66.31,A90,C
668,1,3,"Johnson, Mr. Richard",male,48.2,3,0,SM24544,6.28,,L
669,0,3,"Hernandez, Mr. Leonard",male,25.6,1,0,SM16054,3.5,,M
670,0,3,"Hall, Mr. Harold",male,25.8,0,1,SM23926,3.5,,M
671,0,3,"Davis, Mr. Ernest",male,33.8,0,0,SM37076,4.56,,C
672,1,2,"Morris, Mr. Frank",male,17.4,0,0,SM10611,23.43,E66,L
673,1,1,"Nelson, Miss Agnes",female,36.7,0,1,SM99037,53.31,,L
674,0,1,"Sanchez, Dr. Roy",male,28.1,0,0,SM63090,73.51,,L
675,1,1,"Phillips, Rev. James",male,37.0,0,0,SM39451,51.59,,M
676,1,1,"Evans, Dr. Alfred",male,,0,0,SM37925,104.12,,L
677,1,3,"Jackson, Mr. Clarence",male,9.5,3,0,SM97251,7.74,,C
678,1,2,"Robinson, Mr. Harry",male,37.4,1,1,SM29735,6.34,F21,L
679,0,3,"Anderson, Mr. Leonard",male,25.9,0,0,SM89396,3.5,,C
680,1,3,"Hernandez, Mr. Leonard",male,20.8,2,1,SM99664,6.34,,C
681,1,1,"Young, Mr. George",male,41.8,0,0,SM57265,76.33,A59,M
682,0,3,"Jones, Mr. Richard",male,24.7,1,1,SM61952,8.47,,L
683,1,1,"Miller, Countess Frances",female,35.0,0,1,SM12960,89.39,,C
684,0,3,"Perez, Mr. Raymond",male,25.5,2,0,SM49343,5.15,,M
685,1,1,"Campbell, Lady Emma",female,51.7,0,2,SM50043,105.34,,M
686,1,1,"Lee, Mrs. Violet",female,38.0,3,0,SM39824,143.13,,C
687,1,1,"Jackson, Lady Florence",female,34.6,0,0,SM85340,100.78,B72,C
688,0,2,"Walker, Mr. Robert",male,34.6,2,0,SM95119,25.18,,M
689,1,1,"Jackson, Lady Violet",female,45.7,0,0,SM87624,48.47,,L
690,1,1,"Harris, Mrs. Gladys",female,43.2,0,0,SM59207,42.19,D20,M
691,0,3,"Green, Mrs. Clara",female,33.1,0,0,SM30204,5.21,,M